geoid,county_long,county,arc_county,distress_fy25,distress_fy24,distress_fy23,distress_fy22,distress_fy21,distress_fy20,distress_fy19,distress_fy18,distress_fy17,cbsa_code,cbsa_title,metro_micro,central_outlying,dev_dist_name,dev_dist_acronym,ecd_rural,rucc_2013,rucc_2013_desc,rucc_2023,rucc_2023_desc,county_number,grand_division,tdot_region
47001,Anderson County,Anderson,ARC,Transitional,Transitional,Transitional,Transitional,Transitional,Transitional,Transitional,Transitional,Transitional,28940,"Knoxville, TN",Metropolitan Statistical Area,Central,East Tennessee Development District,ETDD,Urban,2,"Metro - Counties in metro areas of 250,000 to 1 million population",2,"Metro - Counties in metro areas of 250,000 to 1 million population",1,East,Region 1
47003,Bedford County,Bedford,No,Transitional,Transitional,Transitional,Transitional,Transitional,Transitional,Transitional,Transitional,Transitional,43180,"Shelbyville, TN",Micropolitan Statistical Area,Central,South Central Tennessee Development District,SCTDD,Rural,4,"Nonmetro - Urban population of 20,000 or more, adjacent to a metro area",4,"Nonmetro - Urban population of 20,000 or more, adjacent to a metro area",2,Middle,Region 3
47005,Benton County,Benton,No,At-Risk,At-Risk,At-Risk,At-Risk,At-Risk,At-Risk,At-Risk,At-Risk,At-Risk,NA,NA,NA,NA,Northwest Tennessee Development District,NWTDD,Rural,7,"Nonmetro - Urban population of 2,500 to 19,999, not adjacent to a metro area",9,"Nonmetro - Urban population of fewer than 5,000, not adjacent to a metro area",3,West,Region 4
47007,Bledsoe County,Bledsoe,ARC,Distressed,Distressed,Distressed,Distressed,Distressed,Distressed,Distressed,Distressed,Distressed,NA,NA,NA,NA,Southeast Tennessee Development District,SETDD,Rural,8,"Nonmetro - Completely rural or less than 2,500 urban population, adjacent to a metro area",8,"Nonmetro - Urban population of fewer than 5,000, adjacent to a metro area",4,East,Region 2
47009,Blount County,Blount,ARC,Transitional,Transitional,Transitional,Transitional,Transitional,Transitional,Transitional,Transitional,Transitional,28940,"Knoxville, TN",Metropolitan Statistical Area,Central,East Tennessee Development District,ETDD,Urban,2,"Metro - Counties in metro areas of 250,000 to 1 million population",2,"Metro - Counties in metro areas of 250,000 to 1 million population",5,East,Region 1
47011,Bradley County,Bradley,ARC,Transitional,Transitional,Transitional,Transitional,Transitional,Transitional,Transitional,Transitional,Transitional,17420,"Cleveland, TN",Metropolitan Statistical Area,Central,Southeast Tennessee Development District,SETDD,Urban,3,"Metro - Counties in metro areas of fewer than 250,000 population",3,"Metro - Counties in metro areas of fewer than 250,000 population",6,East,Region 2
47013,Campbell County,Campbell,ARC,At-Risk,At-Risk,At-Risk,At-Risk,At-Risk,At-Risk,At-Risk,Distressed,Distressed,28940,"Knoxville, TN",Metropolitan Statistical Area,Outlying,East Tennessee Development District,ETDD,Rural,2,"Metro - Counties in metro areas of 250,000 to 1 million population",2,"Metro - Counties in metro areas of 250,000 to 1 million population",7,East,Region 1
47015,Cannon County,Cannon,ARC,Transitional,Transitional,Transitional,Transitional,Transitional,Transitional,Transitional,Transitional,Transitional,34980,"Nashville-Davidson--Murfreesboro--Franklin, TN",Metropolitan Statistical Area,Outlying,Upper Cumberland Development District,UCDD,Rural,1,Metro - Counties in metro areas of 1 million population or more,1,Metro - Counties in metro areas of 1 million population or more,8,Middle,Region 2
47017,Carroll County,Carroll,No,At-Risk,At-Risk,At-Risk,At-Risk,At-Risk,At-Risk,At-Risk,At-Risk,At-Risk,NA,NA,NA,NA,Northwest Tennessee Development District,NWTDD,Rural,6,"Nonmetro - Urban population of 2,500 to 19,999, adjacent to a metro area",6,"Nonmetro - Urban population of 5,000 to 20,000, adjacent to a metro area",9,West,Region 4
47019,Carter County,Carter,ARC,At-Risk,At-Risk,At-Risk,At-Risk,At-Risk,At-Risk,At-Risk,At-Risk,At-Risk,27740,"Johnson City, TN",Metropolitan Statistical Area,Central,First Tennessee Development District,FTDD,Urban,3,"Metro - Counties in metro areas of fewer than 250,000 population",3,"Metro - Counties in metro areas of fewer than 250,000 population",10,East,Region 1
47021,Cheatham County,Cheatham,No,Competitive,Competitive,Transitional,Competitive,Competitive,Transitional,Transitional,Transitional,Transitional,34980,"Nashville-Davidson--Murfreesboro--Franklin, TN",Metropolitan Statistical Area,Outlying,Greater Nashville Regional Council,GNRC,Rural,1,Metro - Counties in metro areas of 1 million population or more,1,Metro - Counties in metro areas of 1 million population or more,11,Middle,Region 3
47023,Chester County,Chester,No,Transitional,Transitional,Transitional,Transitional,Transitional,Transitional,Transitional,At-Risk,At-Risk,27180,"Jackson, TN",Metropolitan Statistical Area,Outlying,Southwest Tennessee Development District,SWTDD,Rural,3,"Metro - Counties in metro areas of fewer than 250,000 population",3,"Metro - Counties in metro areas of fewer than 250,000 population",12,West,Region 4
47025,Claiborne County,Claiborne,ARC,At-Risk,At-Risk,At-Risk,At-Risk,At-Risk,At-Risk,At-Risk,At-Risk,Distressed,NA,NA,NA,NA,East Tennessee Development District,ETDD,Rural,6,"Nonmetro - Urban population of 2,500 to 19,999, adjacent to a metro area",6,"Nonmetro - Urban population of 5,000 to 20,000, adjacent to a metro area",13,East,Region 1
47027,Clay County,Clay,ARC,At-Risk,Distressed,Distressed,Distressed,Distressed,Distressed,Distressed,Distressed,At-Risk,NA,NA,NA,NA,Upper Cumberland Development District,UCDD,Rural,9,"Nonmetro - Completely rural or less than 2,500 urban population, not adjacent to a metro area",8,"Nonmetro - Urban population of fewer than 5,000, adjacent to a metro area",14,Middle,Region 2
47029,Cocke County,Cocke,ARC,Distressed,Distressed,Distressed,Distressed,Distressed,Distressed,Distressed,Distressed,Distressed,35460,"Newport, TN",Micropolitan Statistical Area,Central,East Tennessee Development District,ETDD,Rural,6,"Nonmetro - Urban population of 2,500 to 19,999, adjacent to a metro area",6,"Nonmetro - Urban population of 5,000 to 20,000, adjacent to a metro area",15,East,Region 1
47031,Coffee County,Coffee,ARC,Transitional,Transitional,Transitional,Transitional,Transitional,Transitional,Transitional,Transitional,Transitional,46100,"Tullahoma-Manchester, TN",Micropolitan Statistical Area,Central,South Central Tennessee Development District,SCTDD,Rural,4,"Nonmetro - Urban population of 20,000 or more, adjacent to a metro area",4,"Nonmetro - Urban population of 20,000 or more, adjacent to a metro area",16,Middle,Region 2
47033,Crockett County,Crockett,No,Transitional,Transitional,Transitional,Transitional,Transitional,Transitional,Transitional,Transitional,Transitional,27180,"Jackson, TN",Metropolitan Statistical Area,Outlying,Northwest Tennessee Development District,NWTDD,Rural,3,"Metro - Counties in metro areas of fewer than 250,000 population",3,"Metro - Counties in metro areas of fewer than 250,000 population",17,West,Region 4
47035,Cumberland County,Cumberland,ARC,Transitional,Transitional,Transitional,Transitional,Transitional,Transitional,Transitional,At-Risk,Transitional,18900,"Crossville, TN",Micropolitan Statistical Area,Central,Upper Cumberland Development District,UCDD,Rural,4,"Nonmetro - Urban population of 20,000 or more, adjacent to a metro area",4,"Nonmetro - Urban population of 20,000 or more, adjacent to a metro area",18,East,Region 2
47037,Davidson County,Davidson,No,Transitional,Competitive,Competitive,Competitive,Competitive,Competitive,Transitional,Transitional,Transitional,34980,"Nashville-Davidson--Murfreesboro--Franklin, TN",Metropolitan Statistical Area,Central,Greater Nashville Regional Council,GNRC,Urban,1,Metro - Counties in metro areas of 1 million population or more,1,Metro - Counties in metro areas of 1 million population or more,19,Middle,Region 3
47039,Decatur County,Decatur,No,At-Risk,At-Risk,At-Risk,Transitional,Transitional,At-Risk,At-Risk,At-Risk,At-Risk,NA,NA,NA,NA,Southwest Tennessee Development District,SWTDD,Rural,9,"Nonmetro - Completely rural or less than 2,500 urban population, not adjacent to a metro area",9,"Nonmetro - Urban population of fewer than 5,000, not adjacent to a metro area",20,West,Region 4
47041,DeKalb County,DeKalb,ARC,At-Risk,Transitional,At-Risk,Transitional,Transitional,Transitional,At-Risk,At-Risk,At-Risk,NA,NA,NA,NA,Upper Cumberland Development District,UCDD,Rural,6,"Nonmetro - Urban population of 2,500 to 19,999, adjacent to a metro area",8,"Nonmetro - Urban population of fewer than 5,000, adjacent to a metro area",21,Middle,Region 2
47043,Dickson County,Dickson,No,Transitional,Transitional,Transitional,Transitional,Transitional,Transitional,Transitional,Transitional,Transitional,34980,"Nashville-Davidson--Murfreesboro--Franklin, TN",Metropolitan Statistical Area,Outlying,Greater Nashville Regional Council,GNRC,Rural,1,Metro - Counties in metro areas of 1 million population or more,1,Metro - Counties in metro areas of 1 million population or more,22,Middle,Region 3
47045,Dyer County,Dyer,No,Transitional,Transitional,Transitional,Transitional,Transitional,Transitional,Transitional,Transitional,Transitional,20540,"Dyersburg, TN",Micropolitan Statistical Area,Central,Northwest Tennessee Development District,NWTDD,Rural,5,"Nonmetro - Urban population of 20,000 or more, not adjacent to a metro area",6,"Nonmetro - Urban population of 5,000 to 20,000, adjacent to a metro area",23,West,Region 4
47047,Fayette County,Fayette,No,Competitive,Competitive,Transitional,Transitional,Transitional,Transitional,Transitional,Transitional,Transitional,32820,"Memphis, TN-MS-AR",Metropolitan Statistical Area,Outlying,Midsouth Development District,MDD,Rural,1,Metro - Counties in metro areas of 1 million population or more,1,Metro - Counties in metro areas of 1 million population or more,24,West,Region 4
47049,Fentress County,Fentress,ARC,At-Risk,At-Risk,At-Risk,At-Risk,At-Risk,Distressed,Distressed,Distressed,Distressed,NA,NA,NA,NA,Upper Cumberland Development District,UCDD,Rural,9,"Nonmetro - Completely rural or less than 2,500 urban population, not adjacent to a metro area",8,"Nonmetro - Urban population of fewer than 5,000, adjacent to a metro area",25,Middle,Region 2
47051,Franklin County,Franklin,ARC,Transitional,Transitional,Transitional,Transitional,Transitional,Transitional,Transitional,Transitional,Transitional,49010,"Winchester, TN",Micropolitan Statistical Area,Central,South Central Tennessee Development District,SCTDD,Rural,6,"Nonmetro - Urban population of 2,500 to 19,999, adjacent to a metro area",7,"Nonmetro - Urban population of 5,000 to 20,000, not adjacent to a metro area",26,Middle,Region 2
47053,Gibson County,Gibson,No,Transitional,Transitional,Transitional,Transitional,Transitional,Transitional,Transitional,At-Risk,At-Risk,27180,"Jackson, TN",Metropolitan Statistical Area,Outlying,Northwest Tennessee Development District,NWTDD,Rural,4,"Nonmetro - Urban population of 20,000 or more, adjacent to a metro area",3,"Metro - Counties in metro areas of fewer than 250,000 population",27,West,Region 4
47055,Giles County,Giles,No,Transitional,Transitional,Transitional,Transitional,Transitional,Transitional,Transitional,Transitional,Transitional,NA,NA,NA,NA,South Central Tennessee Development District,SCTDD,Rural,6,"Nonmetro - Urban population of 2,500 to 19,999, adjacent to a metro area",6,"Nonmetro - Urban population of 5,000 to 20,000, adjacent to a metro area",28,Middle,Region 3
47057,Grainger County,Grainger,ARC,At-Risk,Transitional,At-Risk,At-Risk,At-Risk,At-Risk,At-Risk,At-Risk,At-Risk,28940,"Knoxville, TN",Metropolitan Statistical Area,Outlying,East Tennessee Development District,ETDD,Rural,2,"Metro - Counties in metro areas of 250,000 to 1 million population",2,"Metro - Counties in metro areas of 250,000 to 1 million population",29,East,Region 1
47059,Greene County,Greene,ARC,At-Risk,At-Risk,At-Risk,At-Risk,Transitional,Transitional,Transitional,At-Risk,At-Risk,24620,"Greeneville, TN",Micropolitan Statistical Area,Central,First Tennessee Development District,FTDD,Rural,4,"Nonmetro - Urban population of 20,000 or more, adjacent to a metro area",4,"Nonmetro - Urban population of 20,000 or more, adjacent to a metro area",30,East,Region 1
47061,Grundy County,Grundy,ARC,Distressed,At-Risk,Distressed,Distressed,Distressed,Distressed,Distressed,Distressed,Distressed,NA,NA,NA,NA,Southeast Tennessee Development District,SETDD,Rural,8,"Nonmetro - Completely rural or less than 2,500 urban population, adjacent to a metro area",8,"Nonmetro - Urban population of fewer than 5,000, adjacent to a metro area",31,Middle,Region 2
47063,Hamblen County,Hamblen,ARC,Transitional,Transitional,Transitional,Transitional,Transitional,Transitional,Transitional,Transitional,At-Risk,34100,"Morristown, TN",Metropolitan Statistical Area,Central,East Tennessee Development District,ETDD,Urban,3,"Metro - Counties in metro areas of fewer than 250,000 population",3,"Metro - Counties in metro areas of fewer than 250,000 population",32,East,Region 1
47065,Hamilton County,Hamilton,ARC,Transitional,Transitional,Transitional,Transitional,Transitional,Transitional,Transitional,Transitional,Transitional,16860,"Chattanooga, TN-GA",Metropolitan Statistical Area,Central,Southeast Tennessee Development District,SETDD,Urban,2,"Metro - Counties in metro areas of 250,000 to 1 million population",2,"Metro - Counties in metro areas of 250,000 to 1 million population",33,East,Region 2
47067,Hancock County,Hancock,ARC,Distressed,Distressed,Distressed,Distressed,Distressed,Distressed,Distressed,Distressed,Distressed,NA,NA,NA,NA,First Tennessee Development District,FTDD,Rural,8,"Nonmetro - Completely rural or less than 2,500 urban population, adjacent to a metro area",8,"Nonmetro - Urban population of fewer than 5,000, adjacent to a metro area",34,East,Region 1
47069,Hardeman County,Hardeman,No,Distressed,Distressed,Distressed,At-Risk,Distressed,Distressed,Distressed,Distressed,Distressed,NA,NA,NA,NA,Southwest Tennessee Development District,SWTDD,Rural,6,"Nonmetro - Urban population of 2,500 to 19,999, adjacent to a metro area",6,"Nonmetro - Urban population of 5,000 to 20,000, adjacent to a metro area",35,West,Region 4
47071,Hardin County,Hardin,No,At-Risk,Transitional,Transitional,At-Risk,At-Risk,At-Risk,At-Risk,At-Risk,At-Risk,NA,NA,NA,NA,Southwest Tennessee Development District,SWTDD,Rural,6,"Nonmetro - Urban population of 2,500 to 19,999, adjacent to a metro area",6,"Nonmetro - Urban population of 5,000 to 20,000, adjacent to a metro area",36,West,Region 4
47073,Hawkins County,Hawkins,ARC,At-Risk,At-Risk,At-Risk,At-Risk,At-Risk,At-Risk,At-Risk,At-Risk,At-Risk,28700,"Kingsport-Bristol, TN-VA",Metropolitan Statistical Area,Central,First Tennessee Development District,FTDD,Rural,2,"Metro - Counties in metro areas of 250,000 to 1 million population",2,"Metro - Counties in metro areas of 250,000 to 1 million population",37,East,Region 1
47075,Haywood County,Haywood,No,Distressed,At-Risk,At-Risk,At-Risk,At-Risk,At-Risk,At-Risk,Distressed,Distressed,NA,NA,NA,NA,Southwest Tennessee Development District,SWTDD,Rural,6,"Nonmetro - Urban population of 2,500 to 19,999, adjacent to a metro area",6,"Nonmetro - Urban population of 5,000 to 20,000, adjacent to a metro area",38,West,Region 4
47077,Henderson County,Henderson,No,Transitional,Transitional,At-Risk,At-Risk,At-Risk,At-Risk,At-Risk,At-Risk,At-Risk,NA,NA,NA,NA,Southwest Tennessee Development District,SWTDD,Rural,6,"Nonmetro - Urban population of 2,500 to 19,999, adjacent to a metro area",6,"Nonmetro - Urban population of 5,000 to 20,000, adjacent to a metro area",39,West,Region 4
47079,Henry County,Henry,No,Transitional,Transitional,At-Risk,Transitional,Transitional,Transitional,Transitional,Transitional,Transitional,37540,"Paris, TN",Micropolitan Statistical Area,Central,Northwest Tennessee Development District,NWTDD,Rural,7,"Nonmetro - Urban population of 2,500 to 19,999, not adjacent to a metro area",7,"Nonmetro - Urban population of 5,000 to 20,000, not adjacent to a metro area",40,West,Region 4
47081,Hickman County,Hickman,No,Transitional,Transitional,Transitional,Transitional,Transitional,Transitional,At-Risk,At-Risk,At-Risk,34980,"Nashville-Davidson--Murfreesboro--Franklin, TN",Metropolitan Statistical Area,Outlying,South Central Tennessee Development District,SCTDD,Rural,1,Metro - Counties in metro areas of 1 million population or more,1,Metro - Counties in metro areas of 1 million population or more,41,Middle,Region 3
47083,Houston County,Houston,No,At-Risk,At-Risk,At-Risk,At-Risk,At-Risk,At-Risk,At-Risk,Distressed,At-Risk,NA,NA,NA,NA,Greater Nashville Regional Council,GNRC,Rural,8,"Nonmetro - Completely rural or less than 2,500 urban population, adjacent to a metro area",8,"Nonmetro - Urban population of fewer than 5,000, adjacent to a metro area",42,Middle,Region 3
47085,Humphreys County,Humphreys,No,Transitional,Transitional,Transitional,Transitional,Transitional,Transitional,Transitional,Transitional,Transitional,NA,NA,NA,NA,Greater Nashville Regional Council,GNRC,Rural,6,"Nonmetro - Urban population of 2,500 to 19,999, adjacent to a metro area",8,"Nonmetro - Urban population of fewer than 5,000, adjacent to a metro area",43,Middle,Region 3
47087,Jackson County,Jackson,ARC,At-Risk,At-Risk,At-Risk,At-Risk,At-Risk,Distressed,Distressed,Distressed,At-Risk,18260,"Cookeville, TN",Micropolitan Statistical Area,Outlying,Upper Cumberland Development District,UCDD,Rural,8,"Nonmetro - Completely rural or less than 2,500 urban population, adjacent to a metro area",8,"Nonmetro - Urban population of fewer than 5,000, adjacent to a metro area",44,Middle,Region 2
47089,Jefferson County,Jefferson,ARC,Transitional,Transitional,Transitional,Transitional,Transitional,Transitional,Transitional,Transitional,Transitional,34100,"Morristown, TN",Metropolitan Statistical Area,Central,East Tennessee Development District,ETDD,Rural,3,"Metro - Counties in metro areas of fewer than 250,000 population",3,"Metro - Counties in metro areas of fewer than 250,000 population",45,East,Region 1
47091,Johnson County,Johnson,ARC,At-Risk,At-Risk,At-Risk,At-Risk,At-Risk,At-Risk,At-Risk,At-Risk,At-Risk,NA,NA,NA,NA,First Tennessee Development District,FTDD,Rural,6,"Nonmetro - Urban population of 2,500 to 19,999, adjacent to a metro area",8,"Nonmetro - Urban population of fewer than 5,000, adjacent to a metro area",46,East,Region 1
47093,Knox County,Knox,ARC,Competitive,Competitive,Transitional,Transitional,Transitional,Transitional,Transitional,Transitional,Transitional,28940,"Knoxville, TN",Metropolitan Statistical Area,Central,East Tennessee Development District,ETDD,Urban,2,"Metro - Counties in metro areas of 250,000 to 1 million population",2,"Metro - Counties in metro areas of 250,000 to 1 million population",47,East,Region 1
47095,Lake County,Lake,No,Distressed,Distressed,Distressed,Distressed,Distressed,Distressed,Distressed,Distressed,Distressed,NA,NA,NA,NA,Northwest Tennessee Development District,NWTDD,Rural,9,"Nonmetro - Completely rural or less than 2,500 urban population, not adjacent to a metro area",9,"Nonmetro - Urban population of fewer than 5,000, not adjacent to a metro area",48,West,Region 4
47097,Lauderdale County,Lauderdale,No,At-Risk,At-Risk,At-Risk,Distressed,Distressed,Distressed,Distressed,Distressed,Distressed,NA,NA,NA,NA,Midsouth Development District,MDD,Rural,6,"Nonmetro - Urban population of 2,500 to 19,999, adjacent to a metro area",6,"Nonmetro - Urban population of 5,000 to 20,000, adjacent to a metro area",49,West,Region 4
47099,Lawrence County,Lawrence,ARC,Transitional,Transitional,At-Risk,Transitional,Transitional,Transitional,At-Risk,At-Risk,At-Risk,29980,"Lawrenceburg, TN",Micropolitan Statistical Area,Central,South Central Tennessee Development District,SCTDD,Rural,6,"Nonmetro - Urban population of 2,500 to 19,999, adjacent to a metro area",6,"Nonmetro - Urban population of 5,000 to 20,000, adjacent to a metro area",50,Middle,Region 3
47101,Lewis County,Lewis,ARC,At-Risk,At-Risk,At-Risk,At-Risk,At-Risk,At-Risk,At-Risk,At-Risk,At-Risk,NA,NA,NA,NA,South Central Tennessee Development District,SCTDD,Rural,6,"Nonmetro - Urban population of 2,500 to 19,999, adjacent to a metro area",8,"Nonmetro - Urban population of fewer than 5,000, adjacent to a metro area",51,Middle,Region 3
47103,Lincoln County,Lincoln,No,Transitional,Transitional,Transitional,Transitional,Transitional,Transitional,Transitional,Transitional,Transitional,22190,"Fayetteville, TN",Micropolitan Statistical Area,Central,South Central Tennessee Development District,SCTDD,Rural,6,"Nonmetro - Urban population of 2,500 to 19,999, adjacent to a metro area",6,"Nonmetro - Urban population of 5,000 to 20,000, adjacent to a metro area",52,Middle,Region 3
47105,Loudon County,Loudon,ARC,Competitive,Transitional,Transitional,Transitional,Transitional,Transitional,Transitional,Transitional,Transitional,28940,"Knoxville, TN",Metropolitan Statistical Area,Central,East Tennessee Development District,ETDD,Urban,2,"Metro - Counties in metro areas of 250,000 to 1 million population",2,"Metro - Counties in metro areas of 250,000 to 1 million population",53,East,Region 1
47107,McMinn County,McMinn,ARC,Transitional,Transitional,Transitional,Transitional,Transitional,Transitional,Transitional,At-Risk,Transitional,11940,"Athens, TN",Micropolitan Statistical Area,Central,Southeast Tennessee Development District,SETDD,Rural,4,"Nonmetro - Urban population of 20,000 or more, adjacent to a metro area",4,"Nonmetro - Urban population of 20,000 or more, adjacent to a metro area",54,East,Region 2
47109,McNairy County,McNairy,No,At-Risk,At-Risk,At-Risk,At-Risk,At-Risk,Distressed,Distressed,Distressed,Distressed,NA,NA,NA,NA,Southwest Tennessee Development District,SWTDD,Rural,6,"Nonmetro - Urban population of 2,500 to 19,999, adjacent to a metro area",8,"Nonmetro - Urban population of fewer than 5,000, adjacent to a metro area",55,West,Region 4
47111,Macon County,Macon,ARC,Transitional,At-Risk,Transitional,Transitional,Transitional,Transitional,Transitional,Transitional,At-Risk,34980,"Nashville-Davidson--Murfreesboro--Franklin, TN",Metropolitan Statistical Area,Outlying,Upper Cumberland Development District,UCDD,Rural,1,Metro - Counties in metro areas of 1 million population or more,1,Metro - Counties in metro areas of 1 million population or more,56,Middle,Region 3
47113,Madison County,Madison,No,Transitional,Transitional,Transitional,Transitional,Transitional,Transitional,Transitional,Transitional,Transitional,27180,"Jackson, TN",Metropolitan Statistical Area,Central,Southwest Tennessee Development District,SWTDD,Urban,3,"Metro - Counties in metro areas of fewer than 250,000 population",3,"Metro - Counties in metro areas of fewer than 250,000 population",57,West,Region 4
47115,Marion County,Marion,ARC,Transitional,Transitional,Transitional,Transitional,Transitional,Transitional,Transitional,Transitional,At-Risk,16860,"Chattanooga, TN-GA",Metropolitan Statistical Area,Outlying,Southeast Tennessee Development District,SETDD,Rural,2,"Metro - Counties in metro areas of 250,000 to 1 million population",2,"Metro - Counties in metro areas of 250,000 to 1 million population",58,East,Region 2
47117,Marshall County,Marshall,No,Transitional,Transitional,Transitional,Transitional,Transitional,Transitional,Transitional,Transitional,Transitional,30280,"Lewisburg, TN",Micropolitan Statistical Area,Central,South Central Tennessee Development District,SCTDD,Rural,6,"Nonmetro - Urban population of 2,500 to 19,999, adjacent to a metro area",6,"Nonmetro - Urban population of 5,000 to 20,000, adjacent to a metro area",59,Middle,Region 3
47119,Maury County,Maury,No,Transitional,Transitional,Transitional,Transitional,Transitional,Transitional,Transitional,Transitional,Transitional,34980,"Nashville-Davidson--Murfreesboro--Franklin, TN",Metropolitan Statistical Area,Outlying,South Central Tennessee Development District,SCTDD,Rural,1,Metro - Counties in metro areas of 1 million population or more,1,Metro - Counties in metro areas of 1 million population or more,60,Middle,Region 3
47121,Meigs County,Meigs,ARC,At-Risk,At-Risk,At-Risk,At-Risk,At-Risk,At-Risk,At-Risk,At-Risk,At-Risk,11940,"Athens, TN",Micropolitan Statistical Area,Outlying,Southeast Tennessee Development District,SETDD,Rural,8,"Nonmetro - Completely rural or less than 2,500 urban population, adjacent to a metro area",8,"Nonmetro - Urban population of fewer than 5,000, adjacent to a metro area",61,East,Region 2
47123,Monroe County,Monroe,ARC,At-Risk,Transitional,At-Risk,At-Risk,At-Risk,At-Risk,At-Risk,At-Risk,At-Risk,NA,NA,NA,NA,East Tennessee Development District,ETDD,Rural,6,"Nonmetro - Urban population of 2,500 to 19,999, adjacent to a metro area",6,"Nonmetro - Urban population of 5,000 to 20,000, adjacent to a metro area",62,East,Region 1
47125,Montgomery County,Montgomery,No,Transitional,Transitional,Transitional,Transitional,Transitional,Transitional,Transitional,Transitional,Transitional,17300,"Clarksville, TN-KY",Metropolitan Statistical Area,Central,Greater Nashville Regional Council,GNRC,Urban,2,"Metro - Counties in metro areas of 250,000 to 1 million population",2,"Metro - Counties in metro areas of 250,000 to 1 million population",63,Middle,Region 3
47127,Moore County,Moore,No,Transitional,Competitive,Transitional,Transitional,Competitive,Competitive,Transitional,Transitional,Transitional,46100,"Tullahoma-Manchester, TN",Micropolitan Statistical Area,Outlying,South Central Tennessee Development District,SCTDD,Rural,9,"Nonmetro - Completely rural or less than 2,500 urban population, not adjacent to a metro area",9,"Nonmetro - Urban population of fewer than 5,000, not adjacent to a metro area",64,Middle,Region 3
47129,Morgan County,Morgan,ARC,At-Risk,At-Risk,Distressed,At-Risk,At-Risk,Distressed,Distressed,Distressed,At-Risk,28940,"Knoxville, TN",Metropolitan Statistical Area,Outlying,East Tennessee Development District,ETDD,Rural,2,"Metro - Counties in metro areas of 250,000 to 1 million population",2,"Metro - Counties in metro areas of 250,000 to 1 million population",65,East,Region 1
47131,Obion County,Obion,No,Transitional,Transitional,Transitional,At-Risk,At-Risk,At-Risk,At-Risk,At-Risk,At-Risk,46460,"Union City, TN",Micropolitan Statistical Area,Central,Northwest Tennessee Development District,NWTDD,Rural,7,"Nonmetro - Urban population of 2,500 to 19,999, not adjacent to a metro area",7,"Nonmetro - Urban population of 5,000 to 20,000, not adjacent to a metro area",66,West,Region 4
47133,Overton County,Overton,ARC,At-Risk,Transitional,At-Risk,Transitional,Transitional,At-Risk,At-Risk,At-Risk,At-Risk,18260,"Cookeville, TN",Micropolitan Statistical Area,Outlying,Upper Cumberland Development District,UCDD,Rural,7,"Nonmetro - Urban population of 2,500 to 19,999, not adjacent to a metro area",9,"Nonmetro - Urban population of fewer than 5,000, not adjacent to a metro area",67,Middle,Region 2
47135,Perry County,Perry,No,Distressed,Distressed,Distressed,Distressed,Distressed,Distressed,Distressed,Distressed,Distressed,NA,NA,NA,NA,South Central Tennessee Development District,SCTDD,Rural,8,"Nonmetro - Completely rural or less than 2,500 urban population, adjacent to a metro area",9,"Nonmetro - Urban population of fewer than 5,000, not adjacent to a metro area",68,Middle,Region 3
47137,Pickett County,Pickett,ARC,At-Risk,At-Risk,At-Risk,At-Risk,Transitional,Transitional,Transitional,At-Risk,At-Risk,NA,NA,NA,NA,Upper Cumberland Development District,UCDD,Rural,9,"Nonmetro - Completely rural or less than 2,500 urban population, not adjacent to a metro area",9,"Nonmetro - Urban population of fewer than 5,000, not adjacent to a metro area",69,Middle,Region 2
47139,Polk County,Polk,ARC,Transitional,Transitional,Transitional,Transitional,Transitional,Transitional,At-Risk,At-Risk,At-Risk,17420,"Cleveland, TN",Metropolitan Statistical Area,Outlying,Southeast Tennessee Development District,SETDD,Rural,3,"Metro - Counties in metro areas of fewer than 250,000 population",3,"Metro - Counties in metro areas of fewer than 250,000 population",70,East,Region 2
47141,Putnam County,Putnam,ARC,Transitional,Transitional,Transitional,Transitional,Transitional,Transitional,Transitional,At-Risk,At-Risk,18260,"Cookeville, TN",Micropolitan Statistical Area,Central,Upper Cumberland Development District,UCDD,Rural,4,"Nonmetro - Urban population of 20,000 or more, adjacent to a metro area",4,"Nonmetro - Urban population of 20,000 or more, adjacent to a metro area",71,Middle,Region 2
47143,Rhea County,Rhea,ARC,At-Risk,At-Risk,At-Risk,At-Risk,At-Risk,At-Risk,At-Risk,At-Risk,At-Risk,NA,NA,NA,NA,Southeast Tennessee Development District,SETDD,Rural,6,"Nonmetro - Urban population of 2,500 to 19,999, adjacent to a metro area",6,"Nonmetro - Urban population of 5,000 to 20,000, adjacent to a metro area",72,East,Region 2
47145,Roane County,Roane,ARC,Transitional,Transitional,Transitional,Transitional,Transitional,Transitional,Transitional,Transitional,Transitional,28940,"Knoxville, TN",Metropolitan Statistical Area,Outlying,East Tennessee Development District,ETDD,Rural,2,"Metro - Counties in metro areas of 250,000 to 1 million population",2,"Metro - Counties in metro areas of 250,000 to 1 million population",73,East,Region 1
47147,Robertson County,Robertson,No,Transitional,Transitional,Transitional,Transitional,Transitional,Transitional,Transitional,Transitional,Transitional,34980,"Nashville-Davidson--Murfreesboro--Franklin, TN",Metropolitan Statistical Area,Outlying,Greater Nashville Regional Council,GNRC,Rural,1,Metro - Counties in metro areas of 1 million population or more,1,Metro - Counties in metro areas of 1 million population or more,74,Middle,Region 3
47149,Rutherford County,Rutherford,No,Transitional,Transitional,Transitional,Competitive,Transitional,Transitional,Transitional,Transitional,Transitional,34980,"Nashville-Davidson--Murfreesboro--Franklin, TN",Metropolitan Statistical Area,Outlying,Greater Nashville Regional Council,GNRC,Urban,1,Metro - Counties in metro areas of 1 million population or more,1,Metro - Counties in metro areas of 1 million population or more,75,Middle,Region 3
47151,Scott County,Scott,ARC,Distressed,Distressed,Distressed,Distressed,Distressed,Distressed,Distressed,Distressed,Distressed,NA,NA,NA,NA,East Tennessee Development District,ETDD,Rural,6,"Nonmetro - Urban population of 2,500 to 19,999, adjacent to a metro area",8,"Nonmetro - Urban population of fewer than 5,000, adjacent to a metro area",76,East,Region 1
47153,Sequatchie County,Sequatchie,ARC,At-Risk,At-Risk,At-Risk,At-Risk,Transitional,Transitional,Transitional,Transitional,Transitional,16860,"Chattanooga, TN-GA",Metropolitan Statistical Area,Outlying,Southeast Tennessee Development District,SETDD,Rural,2,"Metro - Counties in metro areas of 250,000 to 1 million population",2,"Metro - Counties in metro areas of 250,000 to 1 million population",77,Middle,Region 2
47155,Sevier County,Sevier,ARC,Transitional,Transitional,Transitional,Transitional,Transitional,Transitional,Transitional,Transitional,Transitional,42940,"Sevierville, TN",Micropolitan Statistical Area,Central,East Tennessee Development District,ETDD,Rural,4,"Nonmetro - Urban population of 20,000 or more, adjacent to a metro area",4,"Nonmetro - Urban population of 20,000 or more, adjacent to a metro area",78,East,Region 1
47157,Shelby County,Shelby,No,Transitional,Transitional,Transitional,Transitional,Transitional,Transitional,Transitional,Transitional,Transitional,32820,"Memphis, TN-MS-AR",Metropolitan Statistical Area,Central,Midsouth Development District,MDD,Urban,1,Metro - Counties in metro areas of 1 million population or more,1,Metro - Counties in metro areas of 1 million population or more,79,West,Region 4
47159,Smith County,Smith,ARC,Transitional,Transitional,Transitional,Transitional,Transitional,Transitional,Transitional,Transitional,Transitional,34980,"Nashville-Davidson--Murfreesboro--Franklin, TN",Metropolitan Statistical Area,Outlying,Upper Cumberland Development District,UCDD,Rural,1,Metro - Counties in metro areas of 1 million population or more,1,Metro - Counties in metro areas of 1 million population or more,80,Middle,Region 3
47161,Stewart County,Stewart,No,Transitional,Transitional,Transitional,Transitional,Transitional,Transitional,At-Risk,At-Risk,Transitional,17300,"Clarksville, TN-KY",Metropolitan Statistical Area,Outlying,Greater Nashville Regional Council,GNRC,Rural,8,"Nonmetro - Completely rural or less than 2,500 urban population, adjacent to a metro area",2,"Metro - Counties in metro areas of 250,000 to 1 million population",81,Middle,Region 3
47163,Sullivan County,Sullivan,ARC,Transitional,Transitional,Transitional,Transitional,Transitional,Transitional,Transitional,Transitional,Transitional,28700,"Kingsport-Bristol, TN-VA",Metropolitan Statistical Area,Central,First Tennessee Development District,FTDD,Urban,2,"Metro - Counties in metro areas of 250,000 to 1 million population",2,"Metro - Counties in metro areas of 250,000 to 1 million population",82,East,Region 1
47165,Sumner County,Sumner,No,Competitive,Competitive,Competitive,Competitive,Competitive,Competitive,Competitive,Competitive,Transitional,34980,"Nashville-Davidson--Murfreesboro--Franklin, TN",Metropolitan Statistical Area,Central,Greater Nashville Regional Council,GNRC,Urban,1,Metro - Counties in metro areas of 1 million population or more,1,Metro - Counties in metro areas of 1 million population or more,83,Middle,Region 3
47167,Tipton County,Tipton,No,Transitional,Transitional,Transitional,Transitional,Transitional,Transitional,Transitional,Transitional,Transitional,32820,"Memphis, TN-MS-AR",Metropolitan Statistical Area,Outlying,Midsouth Development District,MDD,Rural,1,Metro - Counties in metro areas of 1 million population or more,1,Metro - Counties in metro areas of 1 million population or more,84,West,Region 4
47169,Trousdale County,Trousdale,No,Transitional,Transitional,Transitional,Transitional,Transitional,Transitional,Transitional,Transitional,Transitional,34980,"Nashville-Davidson--Murfreesboro--Franklin, TN",Metropolitan Statistical Area,Outlying,Greater Nashville Regional Council,GNRC,Rural,1,Metro - Counties in metro areas of 1 million population or more,1,Metro - Counties in metro areas of 1 million population or more,85,Middle,Region 3
47171,Unicoi County,Unicoi,ARC,At-Risk,At-Risk,At-Risk,At-Risk,At-Risk,At-Risk,At-Risk,At-Risk,At-Risk,27740,"Johnson City, TN",Metropolitan Statistical Area,Outlying,First Tennessee Development District,FTDD,Rural,3,"Metro - Counties in metro areas of fewer than 250,000 population",3,"Metro - Counties in metro areas of fewer than 250,000 population",86,East,Region 1
47173,Union County,Union,ARC,Transitional,Transitional,At-Risk,At-Risk,At-Risk,At-Risk,At-Risk,At-Risk,Distressed,28940,"Knoxville, TN",Metropolitan Statistical Area,Outlying,East Tennessee Development District,ETDD,Rural,2,"Metro - Counties in metro areas of 250,000 to 1 million population",2,"Metro - Counties in metro areas of 250,000 to 1 million population",87,East,Region 1
47175,Van Buren County,Van Buren,ARC,At-Risk,At-Risk,At-Risk,At-Risk,At-Risk,At-Risk,Distressed,Distressed,Distressed,NA,NA,NA,NA,Upper Cumberland Development District,UCDD,Rural,9,"Nonmetro - Completely rural or less than 2,500 urban population, not adjacent to a metro area",9,"Nonmetro - Urban population of fewer than 5,000, not adjacent to a metro area",88,Middle,Region 2
47177,Warren County,Warren,ARC,At-Risk,At-Risk,At-Risk,At-Risk,At-Risk,At-Risk,Transitional,At-Risk,At-Risk,32660,"McMinnville, TN",Micropolitan Statistical Area,Central,Upper Cumberland Development District,UCDD,Rural,6,"Nonmetro - Urban population of 2,500 to 19,999, adjacent to a metro area",6,"Nonmetro - Urban population of 5,000 to 20,000, adjacent to a metro area",89,Middle,Region 2
47179,Washington County,Washington,ARC,Transitional,Transitional,Transitional,Transitional,Transitional,Transitional,Transitional,Transitional,Transitional,27740,"Johnson City, TN",Metropolitan Statistical Area,Central,First Tennessee Development District,FTDD,Urban,3,"Metro - Counties in metro areas of fewer than 250,000 population",3,"Metro - Counties in metro areas of fewer than 250,000 population",90,East,Region 1
47181,Wayne County,Wayne,No,At-Risk,At-Risk,At-Risk,At-Risk,Distressed,Distressed,At-Risk,Distressed,Distressed,NA,NA,NA,NA,South Central Tennessee Development District,SCTDD,Rural,8,"Nonmetro - Completely rural or less than 2,500 urban population, adjacent to a metro area",8,"Nonmetro - Urban population of fewer than 5,000, adjacent to a metro area",91,Middle,Region 3
47183,Weakley County,Weakley,No,Transitional,Transitional,Transitional,Transitional,Transitional,At-Risk,At-Risk,At-Risk,At-Risk,32280,"Martin, TN",Micropolitan Statistical Area,Central,Northwest Tennessee Development District,NWTDD,Rural,7,"Nonmetro - Urban population of 2,500 to 19,999, not adjacent to a metro area",6,"Nonmetro - Urban population of 5,000 to 20,000, adjacent to a metro area",92,West,Region 4
47185,White County,White,ARC,At-Risk,Transitional,Transitional,Transitional,At-Risk,Transitional,At-Risk,At-Risk,At-Risk,18260,"Cookeville, TN",Micropolitan Statistical Area,Outlying,Upper Cumberland Development District,UCDD,Rural,7,"Nonmetro - Urban population of 2,500 to 19,999, not adjacent to a metro area",7,"Nonmetro - Urban population of 5,000 to 20,000, not adjacent to a metro area",93,Middle,Region 2
47187,Williamson County,Williamson,No,Attainment,Attainment,Attainment,Attainment,Attainment,Attainment,Attainment,Attainment,Attainment,34980,"Nashville-Davidson--Murfreesboro--Franklin, TN",Metropolitan Statistical Area,Central,Greater Nashville Regional Council,GNRC,Urban,1,Metro - Counties in metro areas of 1 million population or more,1,Metro - Counties in metro areas of 1 million population or more,94,Middle,Region 3
47189,Wilson County,Wilson,No,Competitive,Competitive,Competitive,Competitive,Competitive,Competitive,Competitive,Competitive,Competitive,34980,"Nashville-Davidson--Murfreesboro--Franklin, TN",Metropolitan Statistical Area,Central,Greater Nashville Regional Council,GNRC,Rural,1,Metro - Counties in metro areas of 1 million population or more,1,Metro - Counties in metro areas of 1 million population or more,95,Middle,Region 3
